client,age,education,emploi,categorie,adresse,revenus,debcred,debcarte,autres
8001,18,Bac+2,0,12,0,29.0,7.5,0.859125,1.315875
8002,40,Niveau bac,2,12,2,23.6,7.61,0.36637584,1.42958416
8003,31,Bac+2,11,12,6,61.0,34.4,9.484768,11.499232
8004,30,Bac+2,7,12,7,59.6,8.99,2.11106776,3.24697224
8005,34,Bac+3,9,12,11,26.1,4.48,0.66181248,0.50746752
8006,32,Niveau bac,14,12,0,33.9,2.44,0.26138256,0.56577744
8007,33,Bac+2,5,12,11,50.3,6.49,2.21657513,1.04789487
8008,22,Niveau bac,2,12,1,20.2,34.34,3.07988592,3.85679408
8009,32,Niveau bac,4,12,3,19.7,23.84,1.44651584,3.24996416
8010,32,Bac+3,3,12,5,34.0,12.4,2.183888,2.032112
8011,30,Niveau bac,11,12,1,59.1,4.12,0.02678412,2.40813588
8012,32,Niveau bac,9,12,1,30.8,3.14,0.145068,0.822052
8013,43,Niveau bac,11,12,21,21.8,13.2,0.7740744,2.1035256
8014,40,Bac+3,15,12,12,129.0,11.9,4.820214,10.530786
8015,999,Niveau bac,14,12,1,28.1,8.21,0.68979599,1.61721401
8016,22,Niveau bac,0,12,2,17.0,3.7,0.135235,0.493765
8017,46,Bac+2,27,12,13,143.3,2.44,0.88461956,2.61190044
8018,39,Bac+4,7,12,20,68.9,6.16,1.13745632,3.10678368
8019,33,Niveau bac,13,12,7,32.6,4.21,1.15012148,0.22233852
8020,45,Niveau bac,26,12,23,74.9,8.04,1.74034644,4.28161356
8021,44,Bac+2,18,12,4,87.5,6.77,2.535365,3.388385
8022,26,Bac+3,2,12,1,56.6,17.34,1.3249494,8.4894906
8023,36,Bac+3,8,12,4,41.0,11.1,1.570095,2.980905
8024,35,Niveau bac,16,12,12,24.4,21.32,0.93117232,4.27090768
8025,23,Niveau bac,5,12,2,33.1,7.96,0.592821,2.041939
8026,40,Niveau bac,18,12,12,124.8,34.2,4.9510656,37.7305344
8027,999,Bac+3,5,12,7,51.6,6.42,0.81492912,2.49779088
8028,35,Bac+2,3,12,5,22.8,9.2,0.9523104,1.1452896
8029,32,Niveau bac,1,12,13,30.1,3.93,0.29454957,0.88838043
8030,27,Bac+4,1,12,999,23.4,7.07,0.27628146,1.37809854
8031,39,Bac+2,11,12,1,30.0,17.21,1.745094,3.417906
8032,28,Niveau bac,4,12,6,22.6,10.93,1.12887226,1.34130774
8033,29,Niveau bac,3,12,8,16.2,5,0.30132,0.50868
8034,29,Niveau bac,10,12,5,62.7,8.88,2.76717672,2.80058328
8035,24,Bac+2,4,12,5,15.3,10.12,0.43044408,1.11791592
8036,29,Bac+2,0,12,5,33.0,5.8,0.578028,1.335972
8037,25,Niveau bac,7,12,3,28.7,5.79,0.2658768,1.3958532
8038,36,Niveau bac,0,12,5,15.8,17.96,1.13790968,1.69977032
8039,43,Niveau bac,22,12,14,85.8,14.65,4.0977222,8.4719778
8040,50,Niveau bac,25,12,29,114.4,5.8,1.9308432,4.7043568
8041,48,Bac+3,9,12,14,37.3,4.47,0.07169433,1.59561567
8042,24,Niveau bac,7,12,2,29.0,13.6,0.642872,3.301128
8043,37,Bac+2,7,12,8,49.2,2.47,0.28679664,0.92844336
8044,33,Niveau bac,3,12,4,17.9,5.76,0.16393536,0.86710464
8045,999,Bac+3,5,12,6,38.0,18.3,1.7385,5.2155
8046,32,Bac+2,5,12,13,35.6,6.89,0.7113236,1.7415164
8047,35,Niveau bac,11,12,7,24.9,11.91,0.37366434,2.59192566
8048,42,Niveau bac,10,12,18,48.3,19.9,6.824307,2.787393
8049,30,Niveau bac,0,12,11,16.0,12.03,0.2867952,1.6380048
8050,27,Niveau bac,0,12,1,34.1,1.35,0.10081665,0.35953335
8051,30,Bac+2,2,12,999,34.0,11.6,1.392232,2.551768
8052,25,Bac+4,0,12,1,52.0,4.9,0.670124,1.877876
8053,26,Niveau bac,2,12,1,16.4,6.64,0.0598928,1.0290672
8054,30,Bac+2,0,12,999,25.0,7.4,0.2627,1.5873
8055,29,Bac+3,5,12,8,72.6,18.32,3.32508,9.97524
8056,36,Niveau bac,15,12,4,33.1,10.58,1.49534546,2.00663454
8057,28,Niveau bac,9,12,3,25.2,3.54,0.19714968,0.69493032
8058,23,Bac+2,2,12,4,56.7,7.31,1.10250882,3.04226118
8059,38,Bac+2,1,12,9,28.0,0.8,0.12768,0.09632
8060,29,Bac+2,1,12,6,36.0,9.3,1.419552,1.928448
8061,23,Niveau bac,0,12,2,14.5,16.57,0.70397645,1.69867355
8062,32,Bac+3,7,12,5,34.0,10.7,0.516596,3.121404
8063,33,Bac+4,10,12,4,82.9,17.14,3.6233103,10.5857497
8064,44,Bac+3,1,12,8,20.0,26.98,0.739252,4.656748
8065,37,Bac+2,12,12,9,47.5,6.48,0.66177,2.41623
8066,43,Niveau bac,1,12,16,26.6,16.71,1.79572344,2.64913656
8067,31,Bac+2,2,12,999,42.0,10.3,0.856548,3.469452
8068,38,Bac+2,18,12,5,55.0,16.1,2.33772,6.51728
8069,23,Bac+4,0,12,3,28.2,6.28,0.64994232,1.12101768
8070,34,Niveau bac,16,12,13,45.2,18.32,2.64152416,5.63911584
8071,40,Bac+3,5,12,999,63.6,20.12,5.96308512,6.83323488
8072,30,Niveau bac,2,12,8,17.4,4.34,0.30357432,0.45158568
8073,999,Bac+2,29,12,1,94.7,8.42,1.60272174,6.37101826
8074,43,Bac+2,16,12,10,120.7,6.23,2.09045158,5.42915842
8075,43,Niveau bac,12,12,11,68.7,6.82,1.4290287,3.2563113
8076,24,Niveau bac,6,12,5,21.5,3.15,0.13612725,0.54112275
8077,28,Niveau bac,7,12,8,22.4,17.59,1.4578592,2.4823008
8078,38,Bac+4,4,12,999,91.0,3.9,1.015014,2.533986
8079,28,Niveau bac,11,12,7,49.1,13.44,3.71525952,2.88378048
8080,40,Niveau bac,6,12,14,26.5,7.01,0.50713845,1.35051155
8081,48,Bac+2,2,12,27,40.2,7.85,1.4137536,1.7419464
8082,29,Bac+5 et plus,2,12,3,25.0,12,1.134,1.866
8083,20,Bac+3,0,12,0,30.0,10.6,2.53446,0.64554
8084,30,Niveau bac,10,12,2,22.7,3.82,0.11099392,0.75614608
8085,43,Bac+4,0,12,10,94.0,19.9,6.322628,12.383372
8086,45,Niveau bac,10,12,21,47.1,11.03,1.43905101,3.75607899
8087,32,Niveau bac,6,12,9,25.1,8.14,1.18297806,0.86016194
8088,33,Niveau bac,1,12,11,19.4,7.19,0.50075474,0.89410526
8089,31,Bac+3,7,12,5,53.0,2.7,0.72981,0.70119
8090,20,Bac+3,0,12,0,32.0,8.5,1.11248,1.60752
8091,35,Bac+3,6,12,1,19.3,6.2,0.4989822,0.6976178
8092,27,Bac+3,0,12,4,31.0,3.7,0.284456,0.862544
8093,22,Bac+4,0,12,1,28.0,19.8,0.44352,5.10048
8094,36,Niveau bac,19,12,13,35.9,17.8,3.0481254,3.3420746
8095,71,Bac+2,35,12,19,131.0,11.6,6.032812,9.163188
8096,23,Niveau bac,7,12,3,18.6,6.94,0.29947488,0.99136512
8097,41,Niveau bac,4,12,7,18.6,5.71,0.23790144,0.82415856
8098,44,Bac+3,4,12,5,51.7,9.31,2.07451937,2.73875063
8099,39,Niveau bac,5,12,1,22.1,17.47,0.29728699,3.56358301
8100,28,Niveau bac,6,12,9,37.0,8.97,0.7467525,2.5721475
8101,42,Bac+2,22,12,11,106.0,8.28,4.0285512,4.7482488
8102,36,Niveau bac,1,12,16,24.8,3.07,0.34565744,0.41570256
8103,33,Bac+4,0,12,999,24.8,20.26,2.12033056,2.90414944
8104,47,Bac+2,17,12,16,60.2,17.6,1.6210656,8.9741344
8105,32,Niveau bac,2,12,6,19.7,16.96,1.13263968,2.20848032
8106,29,Bac+2,7,12,1,24.5,10.89,0.7844067,1.8836433
8107,27,Niveau bac,6,12,2,20.0,14.3,0.37752,2.48248
8108,28,Niveau bac,5,12,0,28.7,11.29,0.23977702,3.00045298
8109,38,Niveau bac,21,12,2,63.8,5.35,0.8396718,2.5736282
8110,20,Bac+3,0,12,0,35.0,5.8,0.76125,1.26875
8111,53,Bac+2,8,12,13,34.3,26.67,2.23206564,6.91574436
8112,41,Bac+2,21,12,9,64.0,0.3,0.120576,0.071424
8113,19,Bac+2,0,12,0,36.0,6.7,0.890028,1.521972
8114,999,Bac+2,9,12,999,43.7,3.81,0.50615088,1.15881912
8115,28,Niveau bac,10,12,1,26.4,9.93,0.39584952,2.22567048
8116,37,Bac+3,4,12,6,53.0,15.5,1.26511,6.94989
8117,27,Niveau bac,3,12,4,22.9,9.87,1.26346857,0.99676143
8118,52,Niveau bac,33,12,20,324.6,5.08,11.97150768,4.51817232
8119,30,Niveau bac,8,12,2,27.5,8.49,1.1627055,1.1720445
8120,51,Bac+4,21,12,5,230.8,12.41,18.0446364,10.5976436
8121,44,Niveau bac,23,12,7,75.6,9.6,0.9507456,6.3068544
8122,999,Bac+2,0,12,6,21.8,7.56,0.68724936,0.96083064
8123,999,Bac+3,15,12,7,98.1,2.43,0.33850386,2.04532614
8124,38,Bac+4,11,12,8,145.0,18.5,1.44855,25.37645
8125,38,Bac+5 et plus,9,12,11,66.0,1.2,0.589248,0.202752
8126,45,Niveau bac,3,12,13,38.0,22.1,2.594982,5.803018
8127,41,Bac+4,0,12,3,44.0,13.58,0.8305528,5.1446472
8128,26,Niveau bac,9,12,0,54.7,7.23,2.76045738,1.19435262
8129,33,Niveau bac,6,12,2,27.3,5.31,0.66248091,0.78714909
8130,55,Niveau bac,19,12,7,117.6,1.88,0.46207392,1.74880608
8131,30,Niveau bac,9,12,2,39.1,14.22,2.35188846,3.20813154
8132,35,Bac+2,8,12,4,43.9,18.92,3.66289308,4.64298692
8133,37,Niveau bac,19,12,3,50.7,13.66,1.36434714,5.56127286
8134,44,Bac+2,12,12,21,112.6,6.21,3.85284546,3.13961454
8135,35,Niveau bac,11,12,12,27.5,6.8,0.61336,1.25664
8136,999,Bac+2,5,12,6,34.4,17.43,1.21717176,4.77874824
8137,38,Niveau bac,17,12,12,70.5,6.21,0.6391953,3.7388547
8138,44,Niveau bac,4,12,16,25.1,21.28,0.8278984,4.5133816
8139,48,Bac+2,11,12,10,34.7,19.37,1.24345715,5.47793285
8140,29,Niveau bac,12,12,1,40.7,13.85,3.22997235,2.40697765
8141,26,Bac+5 et plus,0,12,4,29.8,19.83,1.66643388,4.24290612
8142,31,Bac+2,12,12,9,24.2,12.76,1.73849896,1.34942104
8143,28,Niveau bac,1,12,9,14.9,8.3,0.0643084,1.1723916
8144,35,Bac+4,0,12,8,144.0,3.2,1.516032,3.091968
8145,48,Bac+2,21,12,999,112.9,17.3,8.8087967,10.7229033
8146,23,Bac+4,0,12,2,19.0,1.4,0.18088,0.08512
8147,38,Bac+2,0,12,9,73.9,15.62,5.47146732,6.07171268
8148,999,Bac+2,2,12,4,22.3,5.44,0.64174048,0.57137952
8149,29,Niveau bac,13,12,0,46.7,13.8,0.6573492,5.7872508
8150,23,Bac+2,0,12,1,21.4,1.33,0.128079,0.156541
8151,999,Niveau bac,5,12,2,20.7,4.93,0.03877938,0.98173062
8152,37,Niveau bac,14,12,5,51.0,6.2,0.265608,2.896392
8153,38,Niveau bac,14,12,13,42.1,2.07,0.31721508,0.55425492
8154,36,Niveau bac,11,12,13,32.2,20.18,1.74795124,4.75000876
8155,999,Bac+2,13,12,2,38.5,5.9,1.508276,0.763224
8156,999,Bac+3,13,12,11,59.0,11,1.71985,4.77015
8157,44,Bac+2,17,12,0,55.8,12.56,2.92253616,4.08594384
8158,999,Niveau bac,4,12,13,23.6,0.9,0.0985536,0.1138464
8159,999,Bac+2,28,12,29,223.3,7.21,2.68868831,13.41124169
8160,41,Niveau bac,12,12,12,46.8,17.72,4.26258144,4.03037856
8161,39,Niveau bac,5,12,2,36.6,7.37,1.4700939,1.2273261
8162,37,Bac+2,9,12,13,74.4,15.23,2.84411112,8.48700888
8163,32,Niveau bac,1,12,9,18.9,6.64,0.63877464,0.61618536
8164,30,Bac+3,0,12,1,18.5,18.29,0.7782395,2.6054105
8165,999,Bac+3,7,12,10,115.0,14.4,1.0764,15.4836
8166,31,Niveau bac,1,12,10,25.1,19.31,1.62852816,3.21828184
8167,27,Bac+2,2,12,7,41.6,7.6,0.695552,2.466048
8168,36,Bac+4,8,12,6,100.0,19.9,11.5619,8.3381
8169,49,Bac+2,18,12,5,77.0,19.01,2.4591336,12.1785664
8170,34,Bac+2,12,12,7,58.0,19.9,2.493072,9.048928
8171,999,Niveau bac,23,12,1,114.1,9.14,7.43569162,2.99304838
8172,39,Niveau bac,0,12,12,17.2,5.12,0.11096064,0.76967936
8173,23,Bac+2,0,12,3,27.0,17.6,2.128896,2.623104
8174,43,Niveau bac,7,12,13,44.2,1.2,0.0074256,0.5229744
8175,26,Bac+2,1,12,6,59.8,15.92,1.06625792,8.45390208
8176,42,Niveau bac,17,12,5,52.0,3.43,0.4137952,1.3698048
8177,38,Bac+2,20,12,6,70.6,9.59,0.55518428,6.21535572
8178,25,Bac+5 et plus,0,12,3,66.0,2.8,0.903672,0.944328
8179,40,Niveau bac,2,12,8,31.6,21.65,3.694356,3.147044
8180,21,Niveau bac,1,12,999,14.7,7.12,0.57146544,0.47517456
8181,30,Niveau bac,11,12,1,34.0,8.12,1.4135296,1.3472704
8182,34,Niveau bac,0,12,9,25.7,12.08,1.29149696,1.81306304
8183,18,Bac+2,0,12,0,27.0,4.1,0.169371,0.937629
8184,27,Bac+3,2,12,0,60.2,3.75,0.14448,2.11302
8185,23,Bac+2,4,12,999,22.0,3.8,0.077748,0.758252
8186,40,Niveau bac,16,12,21,74.9,16.23,3.0390675,9.1172025
8187,999,Niveau bac,8,12,0,35.8,16.78,1.00320908,5.00403092
8188,42,Bac+4,12,12,6,33.6,15.73,0.62366304,4.66161696
8189,999,Bac+2,14,12,26,90.4,20.16,5.26692096,12.95771904
8190,24,Niveau bac,3,12,3,20.2,4.78,0.20662984,0.75893016
8191,44,Bac+4,18,12,9,136.0,4.2,1.416576,4.295424
8192,999,Bac+3,13,12,14,91.3,9.1,2.9328299,5.3754701
8193,46,Bac+2,18,12,3,54.1,8.2,2.3556222,2.0805778
8194,45,Bac+2,16,12,11,48.7,15.65,0.7926412,6.8289088
8195,41,Bac+2,0,12,17,17.5,10.66,0.5913635,1.2741365
8196,45,Niveau bac,2,12,9,18.7,13.27,0.70722465,1.77426535
8197,21,Bac+3,0,12,999,17.6,20.7,1.621224,2.021976
8198,32,Niveau bac,2,12,7,29.4,5.03,0.19076778,1.28805222
8199,38,Bac+2,15,12,19,93.3,6.76,1.52000628,4.78707372
8200,23,Bac+4,0,12,1,24.0,26.9,0.400272,6.055728
8201,40,Niveau bac,6,12,999,25.9,9.73,1.08615017,1.43391983
8202,39,Bac+2,8,12,0,25.8,20.82,2.66966532,2.70189468
8203,32,Bac+2,10,12,2,57.5,1.74,0.48024,0.52026
8204,37,Niveau bac,15,12,5,52.7,15,2.932755,4.972245
8205,34,Bac+4,6,12,5,65.0,14.4,4.97952,4.38048
8206,999,Niveau bac,1,12,9,25.9,10.56,1.78324608,0.95179392
8207,31,Niveau bac,12,12,1,31.8,4.19,0.74748762,0.58493238
8208,27,Bac+4,3,12,3,70.8,10.34,3.89462304,3.42609696
8209,77,Bac+5 et plus,2,12,24,28.0,10.6,1.371216,1.596784
8210,43,Niveau bac,6,12,21,30.1,4.21,0.55123635,0.71597365
8211,41,Bac+2,22,12,13,54.0,4.1,0.81918,1.39482
8212,29,Niveau bac,3,12,4,22.7,11.1,0.4182702,2.1014298
8213,999,Niveau bac,4,12,1,21.3,18.73,0.39495951,3.59453049
8214,25,Bac+2,5,12,999,31.9,10.03,0.31675743,2.88281257
8215,76,Bac+3,12,12,27,53.0,6.2,1.278254,2.007746
8216,33,Niveau bac,14,12,2,35.4,3.68,0.04429248,1.25842752
8217,48,Bac+5 et plus,15,12,10,117.4,7.11,2.2537278,6.0934122
8218,40,Niveau bac,9,12,2,42.4,14.41,0.57432496,5.53551504
8219,41,Bac+3,8,12,2,29.9,7.54,0.57714176,1.67731824
8220,33,Bac+3,7,12,0,47.6,11.54,3.6803368,1.8127032
8221,47,Bac+3,13,12,999,66.4,5.11,1.92385368,1.46918632
8222,33,Niveau bac,17,12,4,50.0,13.92,0.79344,6.16656
8223,35,Niveau bac,5,12,5,25.8,15.68,2.9531712,1.0922688
8224,45,Niveau bac,27,12,999,82.7,12.05,4.7036452,5.2617048
8225,47,Bac+3,23,12,24,90.3,7.89,4.48141743,2.64325257
8226,45,Niveau bac,11,12,19,46.5,10.02,0.9877716,3.6715284
8227,36,Bac+4,11,12,3,64.2,3.1,1.0826688,0.9075312
8228,29,Bac+2,5,12,9,49.7,9.62,4.2552146,0.5259254
8229,43,Bac+4,16,12,999,64.2,8.93,3.57169638,2.16136362
8230,999,Bac+2,7,12,2,25.8,18.99,0.25966926,4.63975074
8231,21,Bac+3,0,12,1,20.4,22.08,2.1620736,2.3422464
8232,37,Bac+4,3,12,8,41.0,14.4,2.030976,3.873024
8233,22,Niveau bac,2,12,0,19.2,5.09,0.39188928,0.58539072
8234,26,Niveau bac,9,12,3,41.9,4.45,0.52020945,1.34434055
8235,30,Bac+2,3,12,9,47.1,15.41,2.98308321,4.27502679
8236,18,Bac+2,0,12,0,21.0,6.6,0.07623,1.30977
8237,33,Bac+3,3,12,9,26.0,12.8,0.918528,2.409472
8238,34,Bac+2,10,12,6,59.0,18.6,3.555576,7.418424
8239,22,Bac+4,0,12,2,24.0,8,0.63936,1.28064
8240,18,Bac+2,0,12,0,34.0,16.3,1.873196,3.668804
8241,35,Niveau bac,6,12,1,29.3,4.73,0.7760984,0.6097916
8242,31,Niveau bac,11,12,11,26.7,5.66,0.5667075,0.9445125
8243,47,Bac+2,10,12,999,39.0,6.7,0.222105,2.390895
8244,34,Bac+2,1,12,12,34.8,1.63,0.198534,0.368706
8245,23,Niveau bac,7,12,999,25.8,6.15,0.2110311,1.3756689
8246,28,Bac+3,7,12,6,59.0,12.06,3.1165452,3.9988548
8247,25,Niveau bac,0,12,5,14.0,7.14,0.7986804,0.2009196
8248,38,Bac+2,13,12,9,41.9,11.94,0.24013728,4.76272272
8249,47,Bac+2,14,12,2,61.1,26.09,2.80561424,13.13537576
8250,35,Bac+3,7,12,999,83.3,8.43,3.61642785,3.40576215
8251,29,Bac+3,2,12,5,31.0,6.8,1.41236,0.69564
8252,34,Niveau bac,6,12,999,28.0,19.89,2.8068768,2.7623232
8253,36,Niveau bac,12,12,17,42.4,30.2,3.3420528,9.4627472
8254,36,Niveau bac,7,12,12,35.6,2.97,0.25587144,0.80144856
8255,999,Bac+2,23,12,16,60.1,11.59,1.28166856,5.68392144
8256,28,Niveau bac,11,12,8,27.3,14.3,0.6090084,3.2948916
8257,28,Bac+2,6,12,8,30.8,6.59,0.7002534,1.3294666
8258,39,Niveau bac,3,12,20,23.2,5.31,0.0246384,1.2072816
8259,30,Bac+2,8,12,9,25.4,15.66,2.03655168,1.94108832
8260,28,Bac+2,5,12,999,22.5,8.73,0.13160475,1.83264525
8261,33,Niveau bac,11,12,5,35.9,10.54,2.46329286,1.32056714
8262,46,Bac+3,8,12,6,119.0,5.6,1.112888,5.551112
8263,40,Bac+3,7,12,11,72.5,10.3,2.524015,4.943485
8264,33,Bac+2,8,12,7,37.4,1.34,0.09421808,0.40694192
8265,33,Bac+2,1,12,999,35.0,11.32,1.969114,1.992886
8266,41,Bac+2,17,12,9,68.0,9.6,3.055104,3.472896
8267,33,Niveau bac,4,12,7,44.6,9.93,1.58993202,2.83884798
8268,45,Niveau bac,0,12,24,29.4,16.22,1.81686708,2.95181292
8269,25,Bac+2,3,12,2,27.2,5.54,0.0678096,1.4390704
8270,35,Bac+3,4,12,5,34.6,31.18,4.05639328,6.73188672
8271,999,Bac+4,11,12,999,31.5,11.27,1.60817265,1.94187735
8272,31,Niveau bac,7,12,12,36.6,16.1,2.3629326,3.5296674
8273,999,Niveau bac,8,12,999,25.7,12.69,0.52507413,2.73625587
8274,39,Bac+2,17,12,9,90.0,6.8,3.44556,2.67444
8275,22,Niveau bac,2,12,3,26.7,5.04,0.4440744,0.9016056
8276,34,Bac+2,4,12,5,30.4,4.84,0.257488,1.213872
8277,999,Niveau bac,7,12,3,37.7,6.99,0.36102651,2.27420349
8278,34,Niveau bac,16,12,0,47.4,8.94,1.2077046,3.0298554
8279,30,Bac+3,5,12,3,84.7,2.11,0.66304007,1.12412993
8280,25,Bac+3,2,12,6,46.0,8.33,2.6094558,1.2223442
8281,44,Niveau bac,4,12,25,25.5,17.98,2.3703933,2.2145067
8282,30,Bac+4,6,12,1,24.6,3.61,0.3197016,0.5683584
8283,32,Niveau bac,10,12,9,31.9,2.35,0.20165585,0.54799415
8284,31,Niveau bac,15,12,6,32.3,15.7,0.659243,4.411857
8285,19,Bac+2,0,12,0,34.0,19.3,2.204832,4.357168
8286,21,Bac+2,2,12,999,20.1,13.78,0.26866866,2.50111134
8287,22,Bac+2,0,12,2,16.0,9.8,0.312032,1.255968
8288,26,Niveau bac,1,12,2,22.2,7.27,0.5810184,1.0329216
8289,23,Bac+2,3,12,2,22.5,14.99,0.6947865,2.6779635
8290,32,Niveau bac,6,12,13,17.7,10.47,0.66529521,1.18789479
8291,40,Bac+4,15,12,20,149.8,27.82,29.25540072,12.41895928
8292,999,Bac+2,2,12,6,15.5,3.87,0.17095725,0.42889275
8293,32,Bac+2,1,12,1,21.5,5.82,0.2527626,0.9985374
8294,36,Niveau bac,20,12,1,87.2,21.91,3.38167704,15.72384296
8295,49,Niveau bac,28,12,13,160.2,17.42,8.12089044,19.78594956
8296,25,Niveau bac,3,12,0,19.9,13.32,1.12388832,1.52679168
8297,999,Niveau bac,7,12,17,58.7,16.81,3.11812052,6.74934948
8298,39,Niveau bac,17,12,4,40.9,5.84,1.18472576,1.20383424
8299,999,Niveau bac,15,12,19,41.8,3.34,0.57520144,0.82091856
8300,38,Bac+3,8,12,13,54.3,15.78,2.02217544,6.54636456
8301,37,Bac+4,0,12,9,83.0,14.9,5.899059,6.467941
8302,18,Niveau bac,1,12,0,18.0,8,0.74016,0.69984
8303,23,Bac+4,0,12,2,118.0,6.4,0.294528,7.257472
8304,31,Bac+4,1,12,12,27.7,14.27,2.26099588,1.69179412
8305,49,Niveau bac,28,12,28,78.3,4.39,1.21682898,2.22054102
8306,19,Bac+2,0,12,0,16.0,6.6,0.003168,1.052832
8307,32,Bac+2,12,12,6,61.0,8.2,0.295118,4.706882
8308,37,Bac+3,4,12,6,69.8,18.45,6.8125149,6.0655851
8309,30,Bac+3,1,12,4,26.0,8,1.18352,0.89648
8310,45,Niveau bac,8,12,10,35.0,16.12,2.973334,2.668666
8311,34,Bac+2,0,12,3,27.3,13.64,1.12456344,2.59915656
8312,43,Niveau bac,25,12,7,111.9,25.67,7.06628358,21.65844642
8313,33,Niveau bac,9,12,11,35.3,15.02,2.0678034,3.2342566
8314,27,Niveau bac,1,12,1,20.4,4.51,0.6624288,0.2576112
8315,33,Bac+2,13,12,2,63.2,0.75,0.250272,0.223728
8316,999,Bac+2,19,12,5,42.1,9.16,0.88310644,2.97325356
8317,24,Bac+2,4,12,5,25.5,1.43,0.0459459,0.3187041
8318,21,Niveau bac,4,12,999,44.0,6.4,0.9856,1.8304
8319,41,Niveau bac,4,12,22,19.7,2.14,0.03709904,0.38448096
8320,41,Bac+4,14,12,999,41.1,16.38,4.84043742,1.89174258
8321,32,Niveau bac,14,12,9,50.6,4.68,0.710424,1.657656
8322,26,Bac+2,3,12,1,20.0,25.11,1.551798,3.470202
8323,42,Bac+4,12,12,5,15.0,14.4,0.66312,1.49688
8324,30,Niveau bac,3,12,4,26.2,5.34,0.87862224,0.52045776
8325,28,Bac+2,2,12,4,25.3,3.51,0.20069478,0.68733522
8326,53,Bac+5 et plus,16,12,13,51.0,4.1,0.949314,1.141686
8327,37,Bac+4,11,12,5,76.1,3.32,1.04092624,1.48559376
8328,999,Bac+2,5,12,1,24.9,7.23,0.86232933,0.93794067
8329,21,Niveau bac,1,12,1,23.0,16.5,1.172655,2.622345
8330,34,Bac+3,8,12,4,83.0,11,1.85339,7.27661
8331,32,Niveau bac,8,12,0,34.0,1.5,0.13209,0.37791
8332,33,Niveau bac,6,12,3,24.4,8.11,0.5144984,1.4643416
8333,55,Niveau bac,20,12,36,46.4,7.02,0.86969376,2.38758624
8334,24,Bac+3,2,12,3,25.5,15.73,1.32769065,2.68345935
8335,999,Bac+2,44,12,13,187.0,9.2,4.713896,12.490104
8336,999,Bac+3,1,12,3,54.2,20.74,1.20279556,10.03828444
8337,46,Niveau bac,26,12,3,82.7,8.79,1.33755672,5.93177328
8338,33,Niveau bac,13,12,1,31.6,2.21,0.25210796,0.44625204
8339,999,Niveau bac,26,12,10,121.7,6.53,2.03443456,5.91257544
8340,31,Bac+2,9,12,12,74.4,6.35,2.1118068,2.6125932
8341,26,Niveau bac,1,12,5,18.6,27.82,1.65067188,3.52384812
8342,24,Bac+4,0,12,2,41.0,8.4,0.788676,2.655324
8343,29,Bac+2,1,12,5,39.0,10.3,2.984631,1.032369
8344,999,Bac+2,9,12,4,67.6,9.33,1.83536028,4.47171972
8345,30,Niveau bac,7,12,7,40.0,11.4,1.7784,2.7816
8346,30,Niveau bac,1,12,1,22.6,11.65,0.4317956,2.2011044
8347,37,Niveau bac,5,12,5,38.7,5.47,0.64353456,1.47335544
8348,36,Bac+3,5,12,3,39.2,20.37,3.84878928,4.13625072
8349,43,Bac+2,4,12,9,23.2,6.43,0.32967896,1.16208104
8350,29,Bac+4,3,12,2,102.0,9.8,4.828068,5.167932
8351,999,Niveau bac,0,12,3,29.0,16.9,3.092531,1.808469
8352,24,Bac+4,0,12,2,64.0,4.4,0.805376,2.010624
8353,999,Niveau bac,2,12,6,18.1,27.02,1.27645182,3.61416818
8354,34,Bac+2,1,12,1,32.0,9.44,0.8790528,2.1417472
8355,25,Bac+2,2,12,999,25.0,9.9,1.3959,1.0791
8356,48,Niveau bac,9,12,0,50.3,3.46,0.57606578,1.16431422
8357,55,Niveau bac,8,12,24,25.3,24.54,2.78146176,3.42715824
8358,999,Niveau bac,0,12,6,20.8,3.58,0.33955584,0.40508416
8359,24,Bac+2,0,12,5,27.6,8.29,0.91292796,1.37511204
8360,34,Bac+2,15,12,8,39.6,23.49,1.00462032,8.29741968
8361,999,Niveau bac,17,12,9,53.7,24.05,8.1880149,4.7268351
8362,21,Niveau bac,3,12,0,18.7,18.11,2.52638122,0.86018878
8363,64,Bac+5 et plus,34,12,17,116.0,14.7,5.047392,12.004608
8364,36,Bac+2,11,12,4,51.0,10.18,1.5004302,3.6913698
8365,65,Niveau bac,10,12,999,32.0,9.9,1.365408,1.802592
8366,35,Niveau bac,5,12,1,24.6,6.97,0.49209594,1.22252406
8367,999,Bac+4,20,12,16,144.0,3.4,2.492064,2.403936
8368,999,Niveau bac,13,12,3,38.0,4.6,0.335616,1.412384
8369,32,Bac+3,1,12,4,26.0,3.3,0.236808,0.621192
8370,29,Bac+4,3,12,6,34.3,15.33,2.36092731,2.89726269
8371,32,Bac+3,7,12,5,33.7,5.86,0.42656112,1.54825888
8372,21,Bac+3,0,12,1,19.0,20.7,1.305756,2.627244
8373,22,Niveau bac,0,12,2,17.8,1.8,0.1239948,0.1964052
8374,39,Bac+3,9,12,9,73.0,7.82,3.567875,2.140725
8375,30,Niveau bac,5,12,11,26.8,11.58,0.64241208,2.46102792
8376,20,Bac+2,0,12,1,14.7,5.05,0.30807525,0.43427475
8377,42,Niveau bac,1,12,999,38.3,25.1,4.7970367,4.8162633
8378,32,Bac+3,4,12,3,37.0,4.1,0.477855,1.039145
8379,26,Niveau bac,5,12,2,24.1,14.1,2.5281864,0.8699136
8380,32,Niveau bac,3,12,9,18.6,12.21,0.8857134,1.3853466
8381,37,Niveau bac,12,12,999,106.6,9.76,2.81952736,7.58463264
8382,38,Niveau bac,22,12,13,54.8,10.47,2.32944936,3.40811064
8383,33,Niveau bac,6,12,4,29.7,23.87,3.13351038,3.95587962
8384,24,Bac+3,2,12,4,34.7,15.17,4.03748033,1.22650967
8385,44,Bac+4,12,12,23,46.0,1.8,0.25254,0.57546
8386,19,Bac+2,0,12,0,37.0,3,0.21312,0.89688
8387,38,Niveau bac,19,12,8,36.3,6.28,0.89817816,1.38146184
8388,54,Niveau bac,5,12,2,45.6,9.65,2.4774252,1.9229748
8389,30,Bac+2,10,12,3,38.9,15.07,3.10111967,2.76111033
8390,40,Bac+4,15,12,9,38.5,9.59,0.19568395,3.49646605
8391,53,Niveau bac,9,12,13,41.0,13.3,2.333884,3.119116
8392,999,Bac+4,4,12,999,24.0,27.7,3.204336,3.443664
8393,999,Niveau bac,11,12,1,32.9,6.5,0.816907,1.321593
8394,48,Niveau bac,14,12,26,48.3,11.5,2.1829185,3.3715815
8395,34,Bac+2,15,12,11,40.5,10.25,1.94693625,2.20431375
8396,46,Niveau bac,9,12,23,29.3,19.48,1.3983718,4.3092682
8397,33,Niveau bac,11,12,5,23.0,15.29,2.0291359,1.4875641
8398,36,Bac+2,16,12,7,58.7,10.29,1.35301152,4.68721848
8399,18,Bac+2,0,12,0,29.0,25.9,2.388498,5.122502
8400,45,Bac+2,18,12,11,59.0,8.9,2.741022,2.509978
8401,50,Niveau bac,6,12,27,27.2,7,0.98056,0.92344
8402,23,Niveau bac,5,12,4,23.7,20.76,1.39239396,3.52772604
8403,999,Bac+3,0,12,1,23.9,14.68,1.03852192,2.46999808
8404,31,Bac+3,6,12,5,67.8,14,4.764984,4.727016
8405,33,Bac+2,1,12,9,29.7,38.17,2.66407515,8.67241485
8406,43,Bac+4,20,12,999,167.7,2.69,0.73080306,3.78032694
8407,41,Niveau bac,14,12,19,50.8,6.82,0.95621856,2.50834144
8408,40,Bac+3,3,12,3,24.6,3.28,0.21463008,0.59224992
8409,40,Bac+4,7,12,11,33.0,12.4,0.646536,3.445464
8410,44,Niveau bac,6,12,15,26.8,0.28,0.03894576,0.03609424
8411,32,Bac+4,4,12,12,37.1,0.5,0.114639,0.070861
8412,45,Bac+3,19,12,7,286.0,5,4.5331,9.7669
8413,28,Niveau bac,7,12,5,32.0,9.2,0.945024,1.998976
8414,31,Niveau bac,0,12,10,45.4,12.33,0.92923812,4.66858188
8415,36,Niveau bac,3,12,5,28.0,2.37,0.268758,0.394842
8416,36,Bac+2,11,12,7,50.4,7.72,2.63023488,1.26064512
8417,37,Niveau bac,11,12,5,34.0,13.6,2.977856,1.646144
8418,24,Niveau bac,2,12,2,29.0,23.6,0.465392,6.378608
8419,34,Niveau bac,15,12,4,41.1,6.45,0.4453596,2.2055904
8420,37,Bac+2,17,12,999,76.5,13.12,4.9882896,5.0485104
8421,31,Bac+2,3,12,0,38.6,20.9,2.8558596,5.2115404
8422,25,Bac+3,3,12,0,30.4,18.02,3.32519456,2.15288544
8423,38,Bac+2,2,12,13,46.8,14.54,2.73549744,4.06922256
8424,35,Niveau bac,18,12,4,63.0,1.6,0.42336,0.58464
8425,48,Bac+2,27,12,1,147.5,8.67,6.342972,6.445278
8426,37,Bac+2,10,12,999,40.3,13.33,2.03598421,3.33600579
8427,51,Niveau bac,34,12,25,212.0,2.86,1.2853984,4.7778016
8428,50,Niveau bac,1,12,31,21.4,3.42,0.72016992,0.01171008
8429,29,Niveau bac,13,12,1,32.7,13.59,1.69758126,2.74634874
8430,32,Niveau bac,13,12,2,24.4,4.63,0.14912304,0.98059696
8431,33,Bac+4,4,12,999,113.6,20.59,2.1051216,21.2851184
8432,51,Bac+3,21,12,31,130.7,5.76,0.96362496,6.56469504
8433,27,Niveau bac,9,12,0,23.7,8.19,1.0869768,0.8540532
8434,23,Niveau bac,1,12,999,16.1,0.77,0.03731497,0.08665503
8435,26,Bac+2,6,12,6,29.4,2.15,0.1523361,0.4797639
8436,33,Bac+3,3,12,9,27.5,3.23,0.16787925,0.72037075
8437,41,Bac+2,13,12,19,20.8,12.98,1.60100512,1.09883488
8438,42,Bac+5 et plus,2,12,9,147.0,17.7,5.047686,20.971314
8439,54,Bac+2,2,12,21,32.0,6.7,0.173664,1.970336
8440,27,Bac+2,6,12,6,37.2,2.65,0.3617886,0.6240114
8441,59,Niveau bac,33,12,17,308.0,6.7,7.387688,13.248312
8442,48,Bac+4,14,12,18,23.2,10.21,0.81010224,1.55861776
8443,44,Bac+3,3,12,999,21.7,9.66,0.19285224,1.90336776
8444,31,Bac+4,8,12,12,105.0,14.02,5.8884,8.8326
8445,48,Bac+2,18,12,29,100.1,23.37,10.5270165,12.8663535
8446,42,Bac+2,19,12,5,75.7,2.39,0.99145804,0.81777196
8447,61,Niveau bac,0,12,24,25.0,33,3.42375,4.82625
8448,27,Bac+3,5,12,2,31.5,11.98,0.3320856,3.4416144
8449,36,Bac+4,4,12,8,101.0,6.7,2.091003,4.675997
8450,57,Niveau bac,10,12,1,55.4,1.15,0.2796869,0.3574131
8451,23,Bac+2,2,12,2,34.7,4.34,0.3614352,1.1445448
8452,29,Niveau bac,2,12,7,19.4,4.9,0.1834658,0.7671342
8453,35,Bac+2,13,12,10,95.6,23.56,10.51840912,12.00495088
8454,45,Niveau bac,2,12,999,30.0,14.37,1.922706,2.388294
8455,35,Bac+5 et plus,2,12,9,86.4,19.78,8.75003904,8.33988096
8456,35,Niveau bac,1,12,11,29.2,10.44,1.45717344,1.59130656
8457,38,Niveau bac,3,12,18,42.6,12.31,2.21823738,3.02582262
8458,21,Niveau bac,4,12,0,22.0,17.23,0.7694918,3.0211082
8459,75,Niveau bac,32,12,23,78.0,4.4,0.689832,2.742168
8460,42,Niveau bac,26,12,3,68.4,0.67,0.11777796,0.34050204
8461,999,Niveau bac,19,12,21,69.8,14.64,0.510936,9.707784
8462,32,Niveau bac,1,12,3,20.9,4.15,0.4614302,0.4059198
8463,30,Bac+3,8,12,0,79.0,6.28,0.9376668,4.0235332
8464,25,Bac+4,2,12,3,20.6,11.83,1.33302806,1.10395194
8465,38,Niveau bac,5,12,999,31.7,5.23,0.35313483,1.30477517
8466,33,Niveau bac,1,12,12,18.9,7.08,0.56468664,0.77343336
8467,21,Bac+2,0,12,999,14.1,14.8,0.5279604,1.5588396
8468,43,Bac+2,6,12,999,32.4,12.5,1.1583,2.8917
8469,41,Bac+2,17,12,4,52.3,23.25,2.140116,10.019634
8470,29,Niveau bac,7,12,9,28.0,8.41,0.7346976,1.6201024
8471,32,Niveau bac,8,12,8,45.4,8.03,0.1275967,3.5180233
8472,20,Bac+3,0,12,999,13.0,0,0,0
8473,35,Bac+5 et plus,6,12,16,43.1,2.8,0.4356548,0.7711452
8474,36,Bac+2,6,12,6,26.7,16.98,1.39636728,3.13729272
8475,34,Niveau bac,10,12,9,56.0,8.82,0.938448,4.000752
8476,43,Niveau bac,12,12,16,40.4,2.93,0.059186,1.124534
8477,41,Bac+3,8,12,17,48.3,7.08,1.13190084,2.28773916
8478,41,Bac+2,5,12,2,28.5,2.99,0.357903,0.494247
8479,36,Bac+2,17,12,15,78.0,6.36,2.9367936,2.0240064
8480,25,Niveau bac,1,12,3,17.5,15.87,0.44158275,2.33566725
8481,34,Bac+2,14,12,999,40.7,21.89,3.77751352,5.13171648
8482,43,Bac+2,22,12,2,104.5,5.66,1.2775752,4.6371248
8483,35,Niveau bac,16,12,10,38.4,9.27,2.00765952,1.55202048
8484,29,Niveau bac,8,12,6,34.5,7.47,1.0514772,1.5256728
8485,35,Bac+2,1,12,8,18.0,11,0.29106,1.68894
8486,999,Bac+4,4,12,999,26.4,4.62,0.32687424,0.89280576
8487,34,Niveau bac,2,12,0,30.9,17.88,2.08841976,3.43650024
8488,49,Bac+3,22,12,24,105.0,8.25,1.7411625,6.9213375
8489,999,Bac+2,20,12,23,146.2,14.48,3.89523584,17.27452416
8490,22,Bac+2,0,12,1,28.9,11.26,0.62154074,2.63259926
8491,26,Bac+2,5,12,0,18.8,5.07,0.14583348,0.80732652
8492,33,Niveau bac,17,12,4,36.5,16.15,1.909899,3.984851
8493,46,Bac+3,18,12,25,128.8,26.58,2.29374768,31.94129232
8494,23,Niveau bac,7,12,2,21.8,8.2,0.509466,1.278134
8495,38,Niveau bac,20,12,13,67.4,3.72,0.59923992,1.90804008
8496,25,Niveau bac,9,12,1,27.5,18.06,1.211826,3.754674
8497,28,Bac+2,1,12,4,16.0,7.73,0.1632576,1.0735424
8498,50,Niveau bac,13,12,24,28.5,6.69,0.83320605,1.07344395
8499,25,Bac+2,5,12,0,54.5,5.02,0.4568953,2.2790047
8500,37,Bac+2,4,12,5,28.8,2.81,0.22983552,0.57944448
